start,win_vol,dca_moic,dca_mdd,base_moic,base_mdd,base_btc_ratio,base_expo,A_moic,A_mdd,A_btc_ratio,A_expo,B_moic,B_mdd,B_btc_ratio,B_expo
2018-01-01 00:00:00+00:00,0.766323806866304,1.0983586644358645,-0.4633782840913685,1.0002066584409377,-0.3793957748943796,0.86205214378526,0.7419142276973678,1.0016205132009326,-0.37694847704760903,0.8370898425197802,0.7093455826834693,0.981995997024057,-0.3708233954431681,0.843334372959755,0.7285691590858417
2018-04-01 00:00:00+00:00,0.7786735505111864,1.0042426964552715,-0.5939022946710366,0.9132780373491144,-0.5628661457521947,0.902054368245906,0.7084507537219262,0.9182738225559184,-0.5495114452585053,0.8923838052438945,0.665229543003509,0.9176347957853068,-0.5590618537870099,0.9053995923125994,0.6938690467858731
2018-07-01 00:00:00+00:00,0.769931957377744,1.4284186866634085,-0.5906145355754833,1.2489664819170154,-0.5555600882244515,0.8192330496540043,0.6892881418231531,1.2556690501688554,-0.5401244641655087,0.8169569978133889,0.6551086742719822,1.2327741025246814,-0.5496909169201873,0.7877659388185161,0.6752070052803159
2018-10-01 00:00:00+00:00,0.7646684006518033,1.6194675615851715,-0.5884631534000445,1.3643758016751784,-0.5443750496891189,0.7507977956892242,0.7436450226515462,1.3561810970408255,-0.5241465876358615,0.7402725274390263,0.7104936252950115,1.3503125917505394,-0.5374936123799264,0.7238867361963223,0.7194596435157988
2019-01-01 00:00:00+00:00,0.7481271399771523,3.9380707471891347,-0.5844686649165715,2.8665796011431413,-0.5222056937387652,0.6526789100601386,0.6801619772560039,2.8592722005179505,-0.49536283692100214,0.6482081272463931,0.6638154740455439,2.7453838718841705,-0.5116712961544384,0.6104525840398488,0.6432891312953426
2019-04-01 00:00:00+00:00,0.7996744390335366,6.196714957871096,-0.5729225384920251,4.889967936606701,-0.48633216524134504,0.7816749630506665,0.7544705971279291,4.880634987617712,-0.4577138449610427,0.7800880198379051,0.7435221206919469,4.818583542497688,-0.4688237635391126,0.7652246855069885,0.7013708427682857
2019-07-01 00:00:00+00:00,0.8160032582868975,2.9860795485970346,-0.5535612833457362,2.6020756848749578,-0.5281203372031518,0.8675077423490107,0.7773941419216703,2.598578860142025,-0.5280434310558897,0.864486753002611,0.7632557398387513,2.5598132542021688,-0.5260372924298239,0.8515654890845793,0.7250190214914023
2019-10-01 00:00:00+00:00,0.803877547563403,3.3296328047260504,-0.5486083336065305,2.779654842640303,-0.5235542016714627,0.8007819707464269,0.7662584460752834,2.783732283133653,-0.5235412094745516,0.8010283787388901,0.7503871792208205,2.6736305109541365,-0.5202996081666817,0.7678544030310733,0.7250439330019399
2020-01-01 00:00:00+00:00,0.8091928409967412,2.9228557740751775,-0.5486083336065304,2.298339004567825,-0.5144610619223347,0.7566946424950503,0.7752736483416153,2.288116431353037,-0.51428229673895,0.7493755788379816,0.7637766289681381,2.1512688121103887,-0.5084897879663898,0.7016381904104142,0.7373912677912349
2020-04-01 00:00:00+00:00,0.713338987457718,2.324197263697808,-0.5268431959742186,1.617455067866896,-0.49054493719861536,0.6648495825125978,0.7064101875109079,1.6061496333167955,-0.49022925463368594,0.658934162658223,0.698145958807368,1.4658506801437206,-0.474896832333523,0.5922645413386077,0.6457701079246664
2020-07-01 00:00:00+00:00,0.7298943374358252,0.7712309405806133,-0.6830968369988213,0.6430485731997768,-0.6038831588647864,0.799040934166962,0.7546566471610708,0.6476404973885944,-0.5990505107976203,0.7876475832320164,0.7498574975424761,0.6081809869484686,-0.5831089643530337,0.752590598786977,0.6959739672788692
2020-10-01 00:00:00+00:00,0.7405135284953716,0.6375126938916635,-0.6489857095166909,0.6173122580070537,-0.5365125792477827,0.8001073667531885,0.7754345872647437,0.6228362174867936,-0.5289497660378635,0.7865249310031218,0.7645479127709024,0.6116036248599024,-0.5242104177329262,0.7903103483481475,0.7392376358853722
2021-01-01 00:00:00+00:00,0.7319014349801777,0.5033599183500649,-0.5732533245640786,0.5948493060961404,-0.5040908425801295,0.8326403149673713,0.7867919213021272,0.6007832662613344,-0.49248209917300056,0.8123768964197464,0.7686575416895032,0.5980888804714712,-0.4991580958316507,0.8384856051025249,0.7605595079379749
2021-04-01 00:00:00+00:00,0.6847646933254024,0.9372026689663059,-0.5436311825757534,0.9348215677328202,-0.47325793151511064,0.6336557094423994,0.7029507636734942,0.9339455240755878,-0.4584109118238834,0.6290975966150498,0.6785173879002931,0.9360417167053245,-0.4689672304679998,0.6412497814604865,0.6794079108650565
2021-07-01 00:00:00+00:00,0.6137287577683919,1.0602079461418765,-0.5224529254433283,1.0479891042001752,-0.42962610958088376,0.7518601551033149,0.6459397282781594,1.0464669682614762,-0.40944580418090604,0.7488976849005756,0.6082966418153788,1.038541881717843,-0.423110935552927,0.6680475852939207,0.6209217322553076
2021-10-01 00:00:00+00:00,0.5773523186110288,0.9736716515380998,-0.4737776121883034,1.0071327819734945,-0.3670920995604816,0.765582174856504,0.630902721093125,1.0035652845319585,-0.34634020070130533,0.7476316633500277,0.6036962865130908,1.0122963000067262,-0.36635062951343866,0.7110382728216252,0.5949738826362058
2022-01-01 00:00:00+00:00,0.5518783050615969,1.5899054364540168,-0.4423628858980967,1.4969859913843462,-0.3492334867001835,0.7246015651153583,0.6663033495105921,1.5077716309988756,-0.298014392394086,0.7329813588365797,0.6199759119542847,1.4445399624628972,-0.3492334867001835,0.655365339072486,0.6376294677453894
2022-04-01 00:00:00+00:00,0.5434390244313985,2.65851244703788,-0.4423628858980967,2.2854692231764955,-0.31032905000861133,0.7538635761689858,0.6446810777454082,2.2758132499272326,-0.25046205551135514,0.7508742429747377,0.6135121396364478,2.1341251206403946,-0.3098512069840993,0.6563855405359469,0.5974714017623796
2022-07-01 00:00:00+00:00,0.4990864831305953,2.2505893736659455,-0.27023527124065205,1.9282608967394292,-0.1704311557313739,0.7643752333906205,0.647172905065768,1.8943970014779832,-0.16422348200389159,0.7491656460071087,0.6018630757098598,1.8216370394601658,-0.1704311557313739,0.6807208634444122,0.6005685144416295
2022-10-01 00:00:00+00:00,0.4893163569793274,2.0211717212969798,-0.27501899452707557,1.6338099226654486,-0.2396498573915129,0.7573224326742402,0.5585592949425844,1.6103219965885194,-0.23740567700412518,0.7473336847133155,0.546280410513441,1.5336279774978956,-0.22208493015438302,0.6622163783934268,0.4791965064740966
2023-01-01 00:00:00+00:00,0.4831378494423697,2.5263569547961247,-0.267294274182279,2.012878450041448,-0.2275942829656622,0.7153052108321484,0.5788163555829254,1.9918651919336134,-0.2249901914636554,0.708247564589995,0.5739407049188507,1.8576326828931822,-0.20680744378122862,0.6255964811579594,0.4862109211345154
2023-04-01 00:00:00+00:00,0.47707376130804824,1.8348836336170407,-0.260725926209186,1.4567498290277754,-0.2055445436070128,0.7255327184134446,0.502554138494297,1.4425398913318874,-0.20553823379881175,0.7154101981724441,0.5016582960124861,1.385403388479034,-0.19039093887547476,0.6463702711078659,0.42330464522591615
2023-07-01 00:00:00+00:00,0.4779285955962322,2.052478943334588,-0.2533814751260929,1.7160280365350573,-0.1945706600597059,0.7233062118738958,0.6265696494633056,1.6963357801476935,-0.1943610191781494,0.7158123511751777,0.6240370843089961,1.617363409663731,-0.1786753297572231,0.6182132479897812,0.5293011577672788
2023-10-01 00:00:00+00:00,0.4764628004745309,1.812676187496258,-0.24723059928970303,1.4868814629813623,-0.19059145075921746,0.5761109304423855,0.630755075259625,1.4845424462264427,-0.18649614470581533,0.5752912965871435,0.6306759804005383,1.4205598004652933,-0.16466502266171967,0.4832155477420752,0.514763143028573
2024-01-01 00:00:00+00:00,0.4752400880010045,1.161371458384922,-0.32765078224990063,1.141582245705512,-0.23803085863208284,0.8508824936861563,0.5744854187071202,1.1373022202110818,-0.23380332179849073,0.7826607506054617,0.5702264602587056,1.133378440923727,-0.217691718265008,0.8234108689207643,0.5071577378516382
2024-04-01 00:00:00+00:00,0.4731423433974851,0.8352911211213456,-0.4065990311041586,0.891224477398475,-0.26554027060614427,0.8817637669044004,0.5487311288894757,0.9062261319715998,-0.2410530417929302,0.8279054220063633,0.5355935346776385,0.8899103744092112,-0.25871674316481197,0.8701768058835491,0.4564659912075788
