month,low,high,range_ratio,vol_ann,n_grids,fills,grid_profit,fees,avg_exposure,start_value,end_value,grid_ret,btc_ret
2018-01,9035.0,17176.24,1.9010780298837855,1.3555747877664448,5,18,2117.5773614882555,44.80034052147944,0.39106481632673956,10000.0,10777.540180957956,0.07775401809579563,-0.25011938916493204
2018-02,6000.01,11786.01,1.9643317261137898,1.342250257268376,5,13,1843.084002142286,32.038990191053465,0.3145861404219881,10777.540180957956,12622.467431391424,0.17118259078199816,0.004050519683814535
2018-03,6600.1,11710.0,1.7742155421887547,0.8935984014219417,6,12,689.9300042675004,36.49850280249624,0.4503513486184441,12622.467431391424,11236.003138057982,-0.10984098797398179,-0.3294449545016096
2018-04,6430.0,9759.82,1.5178569206842922,0.8671107440542821,5,11,2410.8041887676577,29.45555563560642,0.5037773222961609,11236.003138057982,13709.178890455303,0.22011170004218972,0.33574255995377067
2018-05,7032.95,10020.0,1.4247222004990794,0.5682453972850746,6,13,588.3439520428847,40.51295163543583,0.4806746571337192,13709.178890455303,13074.644671225487,-0.046285355549018026,-0.19046053378700645
2018-06,5750.0,7786.69,1.3542069565217392,0.7310689650872709,4,7,500.7242281018407,32.76149972264359,0.3973964159471711,13074.644671225487,13133.114521921749,0.004472003038441308,-0.14628437370157166
2018-07,6070.0,8491.77,1.3989736408566722,0.628851130211227,5,11,2302.924930325213,33.76603855999026,0.5730620763023918,13133.114521921749,15361.671928166132,0.16968993931519316,0.20964375348141484
2018-08,5880.0,7750.0,1.3180272108843538,0.5437547497979741,5,12,839.7949619170017,43.759314777222436,0.5243549011389558,15361.671928166132,16086.052332445604,0.047155049767160895,-0.093651875015351
2018-09,6111.0,7410.0,1.212567501227295,0.4831666789277465,4,10,790.4987371211491,48.74881833331227,0.5831524763302263,16086.052332445604,16552.09392858643,0.0289717816720525,-0.054860715910663105
2018-10,6205.0,7680.0,1.2377115229653506,0.34145015998345496,6,17,1263.7282490094917,60.91434481751453,0.6818695049249894,16552.09392858643,16744.858835335603,0.011645952927820113,-0.03842711991271497
2018-11,3652.66,6615.15,1.8110500292937202,0.9134393998829504,7,12,619.8304348035258,41.24547210141169,0.30277915056533883,16744.858835335603,14912.406135142619,-0.10943375027599966,-0.3655220487572062
2018-12,3156.26,4312.99,1.3664875517226083,0.8501305043357961,4,10,1178.4858474662124,45.67058818368942,0.4926174393630847,14912.406135142619,15822.473934423208,0.061027562623574116,-0.08372862986140495
2019-01,3349.92,4069.8,1.2148946840521564,0.5078057382912118,4,10,763.1210030932825,55.41742353763456,0.5735931334235043,15822.473934423208,15833.510607424143,0.0006975314382995368,-0.07217330455010906
2019-02,3373.1,4198.0,1.2445524888085144,0.5491952554164373,4,10,2069.2937596134743,49.47302782254795,0.5956801981233151,15833.510607424143,17780.28384578826,0.12295272265465251,0.110535511487726
2019-03,3670.69,4140.0,1.12785334637357,0.23920249765541296,5,14,932.6462050898867,50.74329186778069,0.42404865372169637,17780.28384578826,18712.930050878145,0.052453954795036006,0.07594920115566306
2019-04,4067.0,5600.0,1.3769363166953528,0.6669668831269318,5,15,4323.139327732903,64.27960743437855,0.29147310329581383,18712.930050878145,23076.82240309365,0.2332019806813055,0.29698667134680856
2019-05,5316.2,9074.26,1.7069071893457735,0.8298208334823793,6,17,9419.381810074861,78.80399086572284,0.4826794751710018,23076.82240309365,32606.157302274456,0.412939647093844,0.607496514428949
2019-06,7444.58,13970.0,1.876532994473832,1.0238367556542136,6,14,9916.64237598599,95.9275358193282,0.6667888184626161,32606.157302274456,41531.48765612116,0.27373143885385454,0.26874342489772074
2019-07,9060.0,13147.08,1.451112582781457,1.0137807939683952,4,15,6003.192522259378,191.5434578533494,0.5103266686056012,41531.48765612116,46085.15344629828,0.10964369559504528,-0.07126984273223935
2019-08,9320.0,12330.7,1.3230364806866954,0.6569328445006712,4,12,5757.502472840622,186.83627402732156,0.5228577031743644,46085.15344629828,48486.14772129199,0.05209908387939999,-0.048912110771953565
2019-09,7710.0,10905.87,1.4145097276264593,0.6101554181928954,6,15,3059.3022589717875,160.92940326279898,0.30129264636758596,48486.14772129199,47714.93942272369,-0.015905744935674426,-0.13551311225458185
2019-10,7300.0,10370.0,1.4205479452054794,0.763669064252044,5,16,7437.672555437168,178.88474370771496,0.6028889523841326,47714.93942272369,54732.90335588656,0.14708106136294585,0.10263969592169819
2019-11,6515.0,9513.68,1.4602732156561782,0.5242160152833474,7,14,2090.3483353758975,140.0045428817557,0.31165063154852646,54732.90335588656,53926.0610839383,-0.014741448424578918,-0.17492555405071297
2019-12,6435.0,7750.0,1.2043512043512044,0.48766393065248204,4,11,3066.2702141215177,164.53240176441898,0.3086951337022458,53926.0610839383,56596.63628640391,0.04952290504416301,-0.045805191343428975
2020-01,6871.04,9578.0,1.3939665611028316,0.5735491989203066,6,16,10649.171770816953,161.65973275226443,0.44620958830403423,56596.63628640391,67245.80805722089,0.18815909335896697,0.2998718597294878
2020-02,8445.0,10500.0,1.2433392539964476,0.5237850713625825,4,10,3960.041817182904,234.73096927443365,0.40141591900762796,67245.80805722089,66499.39832620716,-0.011099721344393632,-0.08855065009500918
2020-03,3782.13,9188.0,2.429318928751788,2.100311705959343,4,8,12266.859256150005,177.85489044968,0.2915776467374287,66499.39832620716,78011.06231782734,0.1731092954428053,-0.24791960214040776
2020-04,6150.11,9460.0,1.5381838698820023,0.7214849154804335,6,17,21156.66821187263,255.02942768407584,0.6458094339177258,78011.06231782734,98869.2902142138,0.2673752577731514,0.3443249835468345
2020-05,8117.0,10067.0,1.2402365405938154,0.7005712224122036,3,11,15394.56162968342,411.29472964172055,0.41601355146265584,98869.2902142138,114473.30284986582,0.15782466529135375,0.09608700696055683
2020-06,8833.0,10380.0,1.1751386844786595,0.4255587432188959,4,15,8752.632058211362,520.109516184559,0.5674901483465759,114473.30284986582,119190.41162525624,0.0412070645116005,-0.03278060427993712
2020-07,8893.03,11444.0,1.2868504885286567,0.43100119248619784,6,12,15819.022638590483,254.33499046794566,0.725304994311633,119190.41162525624,135009.43426384672,0.13272059742797682,0.2404640799817903
2020-08,10518.5,12468.0,1.1853401150354137,0.4394475225139531,4,16,12030.420337511088,619.4904655716595,0.41301580156902434,135009.43426384672,146641.72640971793,0.08615910591209808,0.02770509533799248
2020-09,9825.0,12050.85,1.2265496183206108,0.5757453632766121,3,4,3338.477807970834,295.6939190421964,0.6915017730219909,146641.72640971793,148903.14043984603,0.015421354381833341,-0.0749319070072475
2020-10,10374.0,14100.0,1.3591671486408328,0.3493781771433012,9,27,24264.278244744735,487.94003622607545,0.5970865530205149,148903.14043984603,173332.64903530304,0.16406308505847833,0.2797183524658542
2020-11,13195.05,19863.16,1.5053493544927834,0.7148528665932415,6,16,43491.14442200483,505.9864180688346,0.5003496237681141,173332.64903530304,216823.79345730788,0.25091143915504865,0.428168370676528
2020-12,17572.33,29300.0,1.6673941361219597,0.6238791481971243,8,20,51314.15688270633,593.6963070912457,0.6291492080077383,216823.79345730788,268137.95034001424,0.23666294212682892,0.4685124343326801
2021-01,28130.0,41950.0,1.491290437255599,1.0710170030977337,4,22,111455.45396503534,1709.8892124714164,0.4099925128809102,268137.95034001424,368293.98540989426,0.3735242808519885,0.14415030201949075
2021-02,32296.16,58352.8,1.8068030378843802,1.018548033438569,6,17,153298.9009299875,1371.2547129853192,0.4328612870049813,368293.98540989426,511144.6489582637,0.3878712908911157,0.3639047809852063
2021-03,44950.53,61844.0,1.3758235998552186,0.6404075374245821,5,19,133114.92054396332,2179.912090789025,0.3778845419394876,511144.6489582637,645320.5211213614,0.26250078610145744,0.301466894993609
2021-04,46930.0,64854.0,1.3819305348391222,0.683194347325534,5,14,50104.51724431352,2115.0134406433667,0.40156174496470454,645320.5211213614,694225.7935695219,0.07578446810149275,-0.017793660343489726
2021-05,30000.0,59500.0,1.9833333333333334,1.151586667093253,6,17,82374.72085557999,2566.3960765762445,0.3391303097541969,694225.7935695219,713833.644935821,0.028244198858531133,-0.3543226063633882
2021-06,28805.0,41330.0,1.4348203436903315,1.0070609746649637,4,14,101463.08951311576,2947.579059533833,0.35136251793511564,713833.644935821,804558.2129567078,0.12709483317929582,-0.059291100885761505
2021-07,29278.0,42448.0,1.4498258077737551,0.5837192946685216,6,16,96789.54880240725,2243.4488212242436,0.6018001504061411,804558.2129567078,901347.7617591149,0.12030148626127479,0.18310258239406485
2021-08,37332.7,50500.0,1.3527015190436267,0.6132044638590955,5,13,111317.69175852087,2634.445230681584,0.3598247040526373,901347.7617591149,1010646.7011509589,0.12126167504818652,0.13600578266666408
2021-09,39600.0,52920.0,1.3363636363636364,0.7670456805292082,4,7,49099.834129014984,2544.4626307586127,0.5092443209766176,1010646.7011509589,1027211.4247778541,0.016390221833238794,-0.06956959836640031
2021-10,43283.03,67000.0,1.5479507788618312,0.6069782978618256,7,17,293765.72704353987,2932.6555640313604,0.36299957994569093,1027211.4247778541,1316854.227076843,0.28196999693770675,0.3988997264035312
2021-11,53256.64,69000.0,1.2956130916257578,0.6491543263684294,4,9,83250.11487589212,3975.4785215095985,0.5104248427065139,1316854.227076843,1339769.870175018,0.017401806993506908,-0.07095046460992294
2021-12,42000.3,59053.55,1.4060268617128926,0.6401263791777401,5,11,73301.18747453875,3743.3336862170545,0.4690902388768459,1339769.870175018,1329880.2640340503,-0.007381570791464176,-0.18847277357764347
2022-01,32917.17,47990.0,1.4579017576541362,0.5312847870994877,7,16,60669.844844356994,3799.0876116739264,0.39581338037231595,1329880.2640340503,1327410.7198047792,-0.0018569673496620087,-0.16768811775252057
2022-02,34322.28,45821.0,1.3350220323358473,0.8505431086056057,3,9,214826.4225726474,4657.499422223185,0.39098382287874145,1327410.7198047792,1557762.594456152,0.17353474038935768,0.1220035926991776
2022-03,37155.0,48189.84,1.2969947517157852,0.6312476954347072,4,10,145831.35558107763,4042.332971449837,0.5172989586780258,1557762.594456152,1703593.9500372298,0.09361590533761066,0.05445644114921211
2022-04,37578.2,47444.11,1.262543442740738,0.4878880985851961,5,11,46646.427970775985,5351.532065303478,0.5396676720691435,1703593.9500372298,1600999.5934763285,-0.06022230623597791,-0.1731375390433164
2022-05,26700.0,40023.77,1.4990176029962545,0.8180059067205934,5,9,78924.90092738566,3860.2322410821935,0.5420424834930171,1600999.5934763285,1616893.777486423,0.00992766273949064,-0.15491990603441863
2022-06,17622.0,31982.97,1.814945522642152,0.8996154142436538,7,14,80109.75154964716,4490.255657983993,0.44467624158206487,1616893.777486423,1485272.5209619186,-0.0814037745442493,-0.37290718388229316
2022-07,18781.0,24668.0,1.3134550875885203,0.6179046465589166,4,12,248795.39578984113,4707.09214203619,0.501783187919093,1485272.5209619186,1734067.9167517596,0.1675082466540967,0.16804105462734564
2022-08,19520.0,25211.32,1.291563524590164,0.5436917946377235,5,12,80194.54518136557,5498.037662577426,0.43258702869191346,1734067.9167517596,1680364.7167277788,-0.030969490586376325,-0.13934966664320092
2022-09,18125.98,22799.0,1.2578078536994965,0.6600861604497507,3,8,162165.22875827085,5715.007340453261,0.6127696390209959,1680364.7167277788,1791241.9352758701,0.06598401968592005,-0.031215895102062685
2022-10,18190.0,21085.0,1.1591533809785597,0.320334135841655,4,13,120783.98080846312,6396.237148899083,0.44195039695812144,1791241.9352758701,1914870.7469472403,0.0690184889247416,0.05499415372084404
2022-11,15476.0,21480.65,1.3879975445851642,0.8400052735869425,4,5,39852.594518663245,3787.5733131795073,0.5552201870205968,1914870.7469472403,1870829.8636660348,-0.022999402623606446,-0.16237090510152397
2022-12,16256.3,18387.95,1.1311276243671686,0.28188243533786705,4,11,76778.06845280639,6565.098495668618,0.5982149631277894,1870829.8636660348,1884732.690269278,0.007431368759529766,-0.036301238586865514
2023-01,16499.01,23960.54,1.452241073858371,0.44115013735448555,8,17,443353.40983518853,4688.735712200837,0.522183521944363,1884732.690269278,2330251.4379285914,0.23638298946025116,0.39798401259357385
2023-02,21351.07,25250.0,1.1826105202221715,0.5097741756022022,3,9,198741.49721525016,7944.876196121924,0.4109989904159021,2330251.4379285914,2503561.7171556354,0.07437406813966096,0.000710914922424255
2023-03,19549.09,29184.68,1.4928919965072542,0.6965604811081817,6,12,307917.8223117336,5317.855550456306,0.4096495924669061,2503561.7171556354,2811479.5394673687,0.12299190397493653,0.23005310357076048
2023-04,26942.82,31000.0,1.150584831134974,0.4036294128787623,3,11,252991.65614179114,11491.818213991903,0.4740040472564835,2811479.5394673687,3051510.7364547392,0.08537540238789854,0.026974891587529415
2023-05,25811.46,29820.0,1.155300785000151,0.31819150709119776,4,10,105816.8624409847,9206.201066299784,0.5621043978741089,3051510.7364547392,3098550.6584286867,0.01541528968323358,-0.06919700888031421
2023-06,24800.0,31431.94,1.267416935483871,0.4813382772922864,5,13,272801.8177147232,8962.343116836773,0.5333827640846386,3098550.6584286867,3380327.559470102,0.09093829086670735,0.11986757984826357
2023-07,28861.9,31804.2,1.1019440854552194,0.25353689962241777,4,17,149359.28069842723,16965.97516828588,0.5340217787230538,3380327.559470102,3436149.7741358597,0.016513847751046917,-0.04068457622885813
2023-08,25166.0,30244.0,1.2017801796074068,0.41213189841413483,4,9,115789.89112729032,10272.305675641232,0.384720353506316,3436149.7741358597,3394888.0463550743,-0.0120081284265795,-0.11259752068433981
2023-09,24901.0,27483.57,1.1037135054817075,0.2258310415925171,4,15,172788.05386233644,13762.314031833048,0.4377506341527884,3394888.0463550743,3570677.3548287014,0.05178059072150076,0.03938934734782351
2023-10,26538.66,35280.0,1.3293813628871993,0.43122258150471543,6,13,593945.0039963311,8946.677387811149,0.6332596062339425,3570677.3548287014,4180993.360899035,0.17092443405590552,0.28473546846609943
2023-11,34097.39,38450.0,1.1276522924481904,0.42465668453368144,3,8,347891.6000511935,11503.135707007761,0.42148377920022645,4180993.360899035,4528884.960950229,0.08320788148211444,0.08903578486930352
2023-12,37615.86,44700.0,1.188328540142376,0.4464151885419165,4,13,595515.1347537611,16438.895453763154,0.3196834062737142,4528884.960950229,5108169.704615481,0.12790891105869662,0.12086771355188763
2024-01,38555.0,48969.48,1.2701200881857089,0.5389831437713913,4,12,540162.6798485834,18299.425460292783,0.5464895441773683,5108169.704615481,5519641.070276864,0.08055162405618566,0.007010286262421506
2024-02,41884.28,64000.0,1.5280195815709379,0.46661663336641096,9,19,1399421.6857261695,13672.365919977814,0.6784506795974579,5519641.070276864,6918598.513797531,0.25345079973660245,0.43567355565993426
2024-03,59005.0,73777.0,1.250351665113126,0.7564149551143717,3,11,1263708.1053973353,29042.732274206275,0.4302549865177627,6918598.513797531,8271731.1975670755,0.19557901518219878,0.16602086764830726
2024-04,59191.6,72797.99,1.2298702856486394,0.5356009279401029,4,12,421719.9222965231,33096.50568487232,0.45993471097803695,8271731.1975670755,8264759.048881354,-0.0008428886915199385,-0.14882154882154885
2024-05,56552.82,71979.0,1.2727747263531686,0.5213722894329373,5,13,874896.0963168151,24000.113318745414,0.4048106337118917,8264759.048881354,9111117.580108669,0.10240571155451539,0.11319882100494105
2024-06,58402.0,71997.02,1.2327834663196466,0.3338858286138051,6,12,249239.8040555648,24254.7339014474,0.4052346925045992,9111117.580108669,9057431.357471643,-0.005892386105765257,-0.07059519239040668
2024-07,53485.93,70079.99,1.3102509388917796,0.47288436442014464,6,15,602601.5960443551,24712.166677340407,0.42132235672467067,9057431.357471643,9603812.156686954,0.06032403422683319,0.029567158993315523
2024-08,49000.0,65659.78,1.3399955102040817,0.6952975858824334,4,9,708367.4679786079,24645.121331606115,0.2973835547751474,9603812.156686954,10226762.740439937,0.06486492796709209,-0.0874855964155481
2024-09,52550.0,66498.0,1.2654234062797336,0.41675407688971383,6,13,616272.3395775219,24471.572403586735,0.42816939003589105,10226762.740439937,10823348.40046041,0.05833572902413997,0.07382219283073899
2024-10,58946.0,73620.12,1.2489417432904693,0.3601565141706377,6,19,1031933.6296485662,37108.71953961877,0.5277410972954498,10823348.40046041,11835170.133005628,0.09348509306992048,0.10997432399143503
2024-11,66835.0,99588.01,1.490057754170719,0.6030717102369406,7,15,2449540.5194826894,29555.895109357767,0.4030386844388558,11835170.133005628,14323217.809107468,0.21022491845412805,0.37153554152171786
2024-12,90500.0,108353.0,1.1972707182320441,0.44383744903929473,4,21,1796058.870381156,87175.00623938302,0.5224423158950593,14323217.809107468,15514711.841033604,0.08318619794837723,-0.029375054909868026
2025-01,89256.69,109588.0,1.2277847184339907,0.43342848027235986,5,21,2004201.0739058065,70217.79915899878,0.4579396464513989,15514711.841033604,17431693.466375783,0.12355895778045389,0.0946135761306317
2025-02,78258.52,102783.71,1.31338683634702,0.391559964968017,7,15,468589.4090082338,49325.56529765345,0.282591413387264,17431693.466375783,16927997.14260988,-0.028895432605988036,-0.17650783621446775
2025-03,76606.0,95000.0,1.2401117405947315,0.6746637999544473,3,10,1922309.13289137,69289.97390263483,0.4755550748076414,16927997.14260988,18470548.495187763,0.09112426825114994,-0.021338957521610857
2025-04,74508.0,95758.04,1.285204810221721,0.5442184072970878,5,10,1502716.2117715627,38463.80646011202,0.4465313145763859,18470548.495187763,19973264.70695933,0.08135742217742359,0.14078740157480318
2025-05,93377.0,111980.0,1.1992246484680382,0.35724979664533196,5,12,2132111.701962682,57963.68405949006,0.43450608334585505,19973264.70695933,21981806.473493505,0.10056151540585834,0.11064732616913742
2025-06,98200.0,110530.17,1.1255618126272913,0.32198047691376197,4,15,1222090.1710469984,89175.2073574678,0.40714882352969095,21981806.473493505,23184576.34257679,0.054716607142075935,0.024424649408730348
2025-07,105100.19,123218.0,1.172386082270641,0.2614355191589666,6,18,2011024.0897267354,79146.00499670021,0.44655958999654466,23184576.34257679,25008155.152928628,0.07865482566541315,0.08042791127774485
2025-08,107350.1,124474.0,1.1595145230418975,0.35774343057940966,4,6,222691.59283512365,61797.39422983439,0.5133327375312846,25008155.152928628,24254624.30015277,-0.030131405062384764,-0.06494001117963455
2025-09,107255.0,117900.0,1.0992494522399887,0.24754399916671274,4,14,1522249.4373123012,98595.01795795107,0.4540891096056277,24254624.30015277,25781059.288135115,0.06293377168380743,0.05360522053582217
2025-10,102000.0,126199.63,1.2372512745098039,0.42316997553081076,5,19,2119681.27914075,114754.48299176323,0.4484940389109013,25781059.288135115,27040845.259545945,0.048864787025667544,-0.03893880995299037
2025-11,80600.0,111250.01,1.3802730769230769,0.45167113459133984,7,12,695696.2443140531,61153.558223847605,0.42446657260226417,27040845.259545945,26356507.440789886,-0.02530756018118463,-0.17560769509454643
2025-12,83822.76,94588.99,1.1284404140355198,0.34265245350871837,3,8,1078408.5048978478,88671.81055027577,0.497172297401158,26356507.440789886,27128548.89028374,0.02929225168502514,-0.030010952854033435
2026-01,75719.9,97924.49,1.2932464253122364,0.43569605871856465,6,15,1394212.5252888221,89929.53906513294,0.29187839422429723,27128548.89028374,26584876.363556206,-0.020040604785988236,-0.10162352431384514
2026-02,60000.0,79424.0,1.3237333333333334,0.8353208038372365,3,4,848940.3360026795,53501.38581230278,0.5460442109344834,26584876.363556206,26889592.939297825,0.011462027190742852,-0.14944977908614443
2026-03,65000.0,76000.0,1.1692307692307693,0.498642067127045,3,10,2781267.4508191086,109856.53144657466,0.5295881159585036,26889592.939297825,29131675.28311321,0.08338104443889494,0.019578261533035768
2026-04,65712.12,79485.66,1.209604255653295,0.3697161746308983,5,13,2719439.4048869917,84307.02545380585,0.45568223655436607,29131675.28311321,31826487.26414462,0.09250453174567386,0.11806604984528701
2026-05,72512.49,82850.0,1.142561784873199,0.24985259445816024,5,14,1363778.5476470124,114699.21824953197,0.4246465021373505,31826487.26414462,31892939.82158187,0.002087963930349046,-0.03500078196037071
